[
  {
    "password": "gw92nwfbk5fat",
    "birthday": "2003-09-10",
    "email": "delbert.legros@yahoo.com",
    "username": "alfonso.considine",
    "avatar": "https://s3.amazonaws.com/uifaces/faces/twitter/herbigt/128.jpg",
    "id": "6c611769-af22-421a-9043-c432ebe52834",
    "errors": [],
    "isValid": false
  },
  {
    "password": "l6mbwn3bcv",
    "birthday": "1983-10-24",
    "email": "gregg.haley@gmail.com",
    "username": "karrie.deckow",
    "avatar": "https://s3.amazonaws.com/uifaces/faces/twitter/christianoliff/128.jpg",
    "id": "437d0bbb-711a-4da7-96e0-d75f063ecc4d",
    "errors": [],
    "isValid": false
  },
  {
    "password": "rnqjg5swq2ft0h",
    "birthday": "2002-11-01",
    "email": "agnes.grant@hotmail.com",
    "username": "hershel.beer",
    "avatar": "https://s3.amazonaws.com/uifaces/faces/twitter/kolmarlopez/128.jpg",
    "id": "3ff22200-a8da-4fdd-bc12-154310ca9381",
    "errors": [],
    "isValid": false
  },
  {
    "password": "g2if14ji6ts7",
    "birthday": "1961-12-15",
    "email": "son.davis@hotmail.com",
    "username": "harry.sanford",
    "avatar": "https://s3.amazonaws.com/uifaces/faces/twitter/moynihan/128.jpg",
    "id": "6426803d-fe1c-4a92-a3d7-36d5d38ae2db",
    "errors": [],
    "isValid": false
  },
  {
    "password": "j5waoyhtn",
    "birthday": "1965-04-27",
    "email": "clint.barton@yahoo.com",
    "username": "ethan.thompson",
    "avatar": "https://s3.amazonaws.com/uifaces/faces/twitter/haydn_woods/128.jpg",
    "id": "7fbdc0eb-7706-4787-b72b-f52cce3e5c8c",
    "errors": [],
    "isValid": false
  },
  {
    "password": "t4h3mscd7zgcpxv",
    "birthday": "1986-01-18",
    "email": "jacinto.barton@yahoo.com",
    "username": "lawanna.hessel",
    "avatar": "https://s3.amazonaws.com/uifaces/faces/twitter/pcridesagain/128.jpg",
    "id": "fab1d1a4-ca6b-4352-8e52-a4e6bcfe8f5d",
    "errors": [],
    "isValid": false
  },
  {
    "password": "0l7ue42ata6",
    "birthday": "1960-07-07",
    "email": "margery.raynor@yahoo.com",
    "username": "sherley.konopelski",
    "avatar": "https://s3.amazonaws.com/uifaces/faces/twitter/miguelmendes/128.jpg",
    "id": "bcc5f41e-2cf7-4cf5-866d-540c9f5356d2",
    "errors": [],
    "isValid": false
  },
  {
    "password": "dcx49lw5o3o",
    "birthday": "1998-07-12",
    "email": "brice.ryan@yahoo.com",
    "username": "bennett.donnelly",
    "avatar": "https://s3.amazonaws.com/uifaces/faces/twitter/vonachoo/128.jpg",
    "id": "f29d9e21-6667-463c-8c58-c2726cb73ab7",
    "errors": [],
    "isValid": false
  },
  {
    "password": "umk11200mwzfyyt",
    "birthday": "2003-11-30",
    "email": "marshall.gaylord@hotmail.com",
    "username": "lashawnda.jerde",
    "avatar": "https://s3.amazonaws.com/uifaces/faces/twitter/oktayelipek/128.jpg",
    "id": "178b8442-c9f4-43d1-80a7-3b8374a711ac",
    "errors": [],
    "isValid": false
  },
  {
    "password": "t13n7or4fgm",
    "birthday": "1981-09-19",
    "email": "sherrie.auer@hotmail.com",
    "username": "rodney.marquardt",
    "avatar": "https://s3.amazonaws.com/uifaces/faces/twitter/swooshycueb/128.jpg",
    "id": "2b7e0719-1162-4603-91ec-2e7fe8187610",
    "errors": [],
    "isValid": false
  }
]