[][
  {
    "password": "mxwozgws42vd",
    "birthday": "04-11-1983",
    "email": "sanda.graham@yahoo.com",
    "username": "hank.johnston",
    "avatar": "https://s3.amazonaws.com/uifaces/faces/twitter/lisovsky/128.jpg",
    "id": "cc0c308b-91f1-468c-a869-082bd390ff28"
  },
  {
    "password": "vh06dw1pqsy2x",
    "birthday": "20-03-1962",
    "email": "jaunita.mitchell@gmail.com",
    "username": "olin.willms",
    "avatar": "https://s3.amazonaws.com/uifaces/faces/twitter/billyroshan/128.jpg",
    "id": "6227df51-232d-4dea-bc2e-2a86f0c13b14"
  },
  {
    "password": "nx68hrgk",
    "birthday": "12-10-1967",
    "email": "stanford.lindgren@gmail.com",
    "username": "archie.tremblay",
    "avatar": "https://s3.amazonaws.com/uifaces/faces/twitter/tgormtx/128.jpg",
    "id": "43f58c24-e6ac-4346-8dd1-aead8ee3f000"
  },
  {
    "password": "3j2s745hbs9",
    "birthday": "12-08-1964",
    "email": "tamala.bartoletti@yahoo.com",
    "username": "wilbur.ryan",
    "avatar": "https://s3.amazonaws.com/uifaces/faces/twitter/_ragzor/128.jpg",
    "id": "0e6eed98-6f9c-4ee3-ac23-8afe56cda153"
  },
  {
    "password": "j5ve3op2s4",
    "birthday": "02-11-1982",
    "email": "camellia.hackett@hotmail.com",
    "username": "kiana.abernathy",
    "avatar": "https://s3.amazonaws.com/uifaces/faces/twitter/isnifer/128.jpg",
    "id": "cc6a06ee-8a16-4d6f-b375-910c121941e3"
  },
  {
    "password": "dvccequjf",
    "birthday": "16-07-1995",
    "email": "solange.mante@yahoo.com",
    "username": "billy.kunde",
    "avatar": "https://s3.amazonaws.com/uifaces/faces/twitter/therealmarvin/128.jpg",
    "id": "0784c227-42d6-431e-bfbe-cbea38bde5a3"
  },
  {
    "password": "eiirl2z6fny",
    "birthday": "02-03-1991",
    "email": "priscila.fadel@hotmail.com",
    "username": "ha.bode",
    "avatar": "https://s3.amazonaws.com/uifaces/faces/twitter/reideiredale/128.jpg",
    "id": "30563a14-a6de-43e3-9c5e-19e51b20f6dd"
  }
]